,,expected value,,1.22129589
,balls per wicket,,20.22237161,
,,,,
,freq,runs,prob,
0run,61148,0,0.406531307,
1run,55497,55497,0.368961666,
2run,9705,19410,0.06452192,
3run,509,1527,0.003383994,
4run,17032,68128,0.11323414,
6run,6523,39138,0.043366974,
total,150414,183700,,
dismissals ,7438,,0.049450184,
